{
	"class_name" : "PinholeCameraParameters",
	"extrinsic" : 
	[
		0.93304365346715712,
		-0.34245941726003976,
		0.11023197473770348,
		0.0,
		-0.35974971214765722,
		-0.88548271117983446,
		0.29410969520110636,
		0.0,
		-0.0031121269796500904,
		-0.31407310571190894,
		-0.94939370070278994,
		0.0,
		5.2735593669694936e-16,
		1.7763568394002505e-15,
		42.720505042184882,
		1.0
	],
	"intrinsic" : 
	{
		"height" : 768,
		"intrinsic_matrix" : 
		[
			665.10751010644901,
			0.0,
			0.0,
			0.0,
			665.10751010644901,
			0.0,
			511.5,
			383.5,
			1.0
		],
		"width" : 1024
	},
	"version_major" : 1,
	"version_minor" : 0
}